total_enthalpy,free_energy,homo,lumo,gap
-33.241647,-32.66568148,-0.397257192,-0.26131127,0.137344044
-39.67764838,-39.51033268,-0.36834782,-0.280176992,0.112208039
-43.6926304,-44.04710577,-0.380047071,-0.253598228,0.134141872
-52.96965582,-53.80120968,-0.368834946,-0.265496878,0.105359775
-37.04168641,-36.79067111,-0.366589708,-0.269778497,0.125999425
-37.14058013,-36.81760883,-0.36879422,-0.273524141,0.129762085
-30.24776716,-30.08543626,-0.391645522,-0.313365109,0.086888917
-29.44547999,-29.53598198,-0.372956307,-0.227503542,0.131230751
-29.29522816,-29.42184806,-0.376856758,-0.235305799,0.13376002
-42.59038072,-42.03588058,-0.398019813,-0.302328411,0.094730899
-40.38564725,-39.99065679,-0.434014719,-0.34402774,0.096893697
-30.69934009,-30.3105625,-0.401027162,-0.246624682,0.151119609
-26.18119675,-26.82160886,-0.349593563,-0.237886551,0.138554741
-23.08688805,-17.02665478,-0.369333043,-0.286027359,0.086168509
-37.39473406,-37.09654139,-0.433755319,-0.342434867,0.09922396
-24.47528782,-22.60124264,-0.399857064,-0.286073155,0.106380818
-20.27483402,-14.20349381,-0.443289523,-0.320965308,0.112248512
-36.06706059,-36.40356519,-0.345834399,-0.198839478,0.169789989
-29.90003493,-30.02610721,-0.370680691,-0.261991817,0.130045223
-29.71193807,-27.0495848,-0.364575368,-0.201896105,0.181359503
-30.7795051,-29.91460024,-0.387536725,-0.257756228,0.13165179
-39.31771178,-39.08699104,-0.393786238,-0.217094366,0.1722007
-36.92352669,-36.5014804,-0.431716568,-0.334032376,0.101261334
-41.12262189,-40.68781537,-0.423518028,-0.333600509,0.093368193
-31.05113276,-30.75977803,-0.406161446,-0.292132956,0.115184613
-27.26593816,-23.55199756,-0.383273427,-0.216973838,0.178624789
-27.83148756,-20.85754161,-0.410188123,-0.090657419,0.319514017
-36.31635964,-34.8310996,-0.383626403,-0.24904873,0.137933743
-32.16981996,-30.96236016,-0.368200983,-0.205116037,0.175154384
-36.92962119,-36.76347991,-0.415590073,-0.257454071,0.160901883
-65.40002758,-65.0893428,-0.358907877,-0.25860936,0.112670318
-46.83810916,-47.47205064,-0.34153128,-0.229841879,0.125219602
-34.32308786,-33.63358069,-0.413953901,-0.257559242,0.148428267
-41.36943402,-40.76972694,-0.359111886,-0.215662144,0.14669121
-23.35226002,-23.84932643,-0.411852729,-0.087831717,0.326089524
-32.54047566,-30.44325402,-0.393502954,-0.246004144,0.140150974
-30.05495358,-28.43747283,-0.411268912,-0.274152173,0.128413572
-72.5115114,-72.55014353,-0.38413565,-0.265330257,0.118274739
-25.66654875,-23.93212133,-0.39257215,-0.295168049,0.108015811
-35.84164064,-35.64580634,-0.406756041,-0.319731113,0.082866242
-34.38284702,-34.56017846,-0.449996648,-0.295364939,0.162925234
-33.51086834,-33.02488953,-0.409631703,-0.279378654,0.127041876
-49.55737741,-50.23922193,-0.344910571,-0.226018713,0.138152593
-33.65289949,-32.9342522,-0.393037733,-0.284073474,0.111819254
-36.70980067,-36.7588405,-0.384584782,-0.281696765,0.10579883
-22.06392067,-15.07852048,-0.433112018,-0.278588964,0.138308585
-40.06174807,-39.96606566,-0.381130452,-0.279718134,0.110875619
-35.61696523,-34.98493727,-0.411353919,-0.321936021,0.097661212
-32.63619932,-31.84365462,-0.414528428,-0.33359976,0.09730714
-39.99776344,-39.795775,-0.394863257,-0.289558932,0.106290878
-59.44694286,-59.15557761,-0.362194053,-0.251037478,0.112728378
-29.63871573,-29.24153353,-0.420671447,-0.287456528,0.122254108
-30.94059885,-30.76389512,-0.416431729,-0.314523573,0.116260448
-36.13244604,-35.46871021,-0.346176148,-0.240065186,0.117546743
-27.79517382,-28.04430651,-0.431526113,-0.328995893,0.102761462
-30.44039652,-24.73044423,-0.418446147,-0.251053131,0.163453014
-44.27214382,-43.70216158,-0.42960958,-0.331430315,0.110360052
-70.97495887,-71.12269335,-0.356158042,-0.266195035,0.105547563
-27.2236297,-26.84889991,-0.372605829,-0.317546609,0.063845945
-33.54342866,-33.21415258,-0.410932414,-0.281997277,0.126754007
-64.78135082,-64.63706058,-0.398827408,-0.266197138,0.140732402
-42.49580459,-42.53890435,-0.367279386,-0.222717599,0.161857726
-46.35650505,-45.9604868,-0.432323803,-0.345159527,0.091483536
-74.49607966,-74.73991419,-0.413997373,-0.260209294,0.158130757
-40.79505373,-40.60611118,-0.388174851,-0.305273099,0.080609927
-75.75830771,-76.10996616,-0.382475232,-0.256015748,0.131184907
-48.44327453,-48.25890561,-0.429367517,-0.314726139,0.114523163
-50.13954086,-50.13213929,-0.426965673,-0.29137304,0.132206704
-44.33934841,-43.82757139,-0.432509039,-0.334675865,0.105807606
-44.09468548,-43.66875443,-0.424267579,-0.328847294,0.105679705
-48.20951685,-48.54975928,-0.346587615,-0.223560377,0.15207769
-40.25791209,-39.9189112,-0.433418902,-0.330781002,0.107136141
-36.69882825,-36.44812343,-0.3811223,-0.248693588,0.131131191
-43.14689582,-43.1174682,-0.394435027,-0.262948679,0.133845112
-36.45471797,-36.14643936,-0.392399987,-0.241611918,0.170343629
-54.46533309,-54.75026707,-0.390092646,-0.328868285,0.062146747
-38.61420319,-38.38479749,-0.408772402,-0.077000674,0.330595273
-33.4179655,-32.99849717,-0.397597589,-0.257877587,0.135744929
-40.37548079,-40.07207293,-0.441716645,-0.343842842,0.101260693
-35.42201781,-36.05441174,-0.387005712,-0.251370794,0.144925761
-32.87338612,-32.61857311,-0.412264609,-0.286042298,0.11973329
-64.60448255,-64.37600969,-0.397536946,-0.264803647,0.141489099
-45.80429602,-46.01395515,-0.406491462,-0.311380162,0.099936265
-39.3379219,-38.73732295,-0.42535696,-0.310707684,0.112778454
-40.01679917,-39.90444379,-0.381787706,-0.243228932,0.143538249
-41.18759669,-40.83798914,-0.445801647,-0.340209932,0.107806431
-27.31465583,-22.71367134,-0.403013267,-0.287221321,0.125823071
-40.50303557,-40.68594117,-0.41302622,-0.339825298,0.067954141
-40.00793374,-40.04601086,-0.39346055,-0.264368854,0.130496057
-34.51981221,-34.19438,-0.411056972,-0.299639278,0.109014939
-32.08164152,-31.58101374,-0.397333831,-0.283984921,0.111153754
-42.23187373,-42.22828137,-0.424421675,-0.333628832,0.075947354
-43.05930458,-43.18740297,-0.396055614,-0.304843021,0.092371966
-34.03840767,-34.30957391,-0.40084004,-0.303342189,0.102437251
-42.80546726,-42.77288886,-0.413171855,-0.322352649,0.09587814
-81.69961551,-81.72065341,-0.389298949,-0.277550392,0.117231245
-60.02439727,-60.06807859,-0.382584483,-0.266263407,0.115120576
-76.17852925,-75.85701023,-0.404528832,-0.256725433,0.144697421
-46.72689403,-46.39492768,-0.403826831,-0.259705834,0.151079632
-40.41505669,-39.83303616,-0.384112095,-0.251546654,0.12835727
-36.00169817,-35.76507893,-0.371150642,-0.253828644,0.115769922
-26.96107088,-23.45588358,-0.357168624,-0.210055199,0.17909828
-37.16273604,-36.57066818,-0.402461154,-0.245159221,0.149553983
-34.02850602,-34.2233225,-0.397086782,-0.300119899,0.098385847
-34.66144422,-33.79327138,-0.343927133,-0.201414706,0.183330015
-33.14974969,-33.1405904,-0.371646944,-0.260189905,0.132842412
-26.37798634,-23.22443577,-0.410156634,-0.253683675,0.170197174
-41.22533427,-40.72888637,-0.425457082,-0.30130928,0.118864654
-41.41178469,-41.67926876,-0.383074833,-0.245139629,0.144718015
-50.5169224,-50.69799855,-0.390574384,-0.284482597,0.105616899
-62.87825892,-63.11546711,-0.384574203,-0.252447037,0.128096681
-27.58758836,-27.58721782,-0.408320082,-0.287375072,0.116476549
-33.90526882,-33.65259149,-0.390542234,-0.286121314,0.106720898
-33.21734958,-32.73604832,-0.408309861,-0.320716765,0.087506178
-35.73857902,-35.45160433,-0.405881864,-0.302840548,0.104101399
-36.23084851,-35.77661599,-0.406205452,-0.309357814,0.103530443
-33.30590412,-32.99758312,-0.394080562,-0.261187125,0.133193778
-36.43185974,-35.84579993,-0.400393507,-0.281948852,0.118104335
-45.43433496,-45.40468023,-0.370706793,-0.254450151,0.120458539
-28.61075531,-26.5629852,-0.37244522,-0.250987326,0.127057038
-33.20952804,-32.72435764,-0.404204171,-0.267640819,0.129593128
-72.07743834,-72.48725044,-0.427417499,-0.327985631,0.091232075
-31.83923524,-30.11878004,-0.374269155,-0.251363572,0.131188707
-33.13816706,-33.02531968,-0.397209737,-0.294919038,0.104194156
-29.55649747,-29.41337578,-0.416674951,-0.297723776,0.114575286
-17.20451571,-17.4698099,-0.409153454,-0.275919473,0.131417378
-40.46339441,-39.91137601,-0.379542195,-0.264675798,0.121916491
-35.913608,-35.81147296,-0.377855753,-0.24879797,0.134103176
-47.18128586,-47.62273713,-0.37744455,-0.247657656,0.125530688
-49.92688752,-50.10228082,-0.36352605,-0.278676414,0.092963216
-50.5348797,-50.68747732,-0.404523675,-0.264965742,0.139037477
-54.12633772,-54.05289919,-0.359935283,-0.271259352,0.096793851
-30.06936471,-29.67657738,-0.406312278,-0.26762808,0.132791356
-89.0987776,-89.39772501,-0.386552383,-0.296783061,0.093068653
-21.69013712,-16.23458433,-0.423274675,-0.300851016,0.0970224
-23.15619194,-19.97705367,-0.434113098,-0.259596276,0.177069265
-29.66333937,-29.45401664,-0.421915979,-0.297418476,0.119074043
-51.32028609,-51.63815735,-0.397359548,-0.26773952,0.125934943
-58.76966789,-59.39482369,-0.391024148,-0.270638168,0.106968576
-23.54307791,-23.60410635,-0.410325637,-0.285095845,0.122873328
-30.54983665,-24.84231221,-0.410813728,-0.238909623,0.173954588
-34.17675065,-33.38294541,-0.396556292,-0.265435218,0.123088723
-27.05647215,-27.17176085,-0.389142657,-0.256846092,0.135508585
-26.9656763,-22.84173114,-0.409668914,-0.241178743,0.163493871
-34.34814135,-33.90478603,-0.419361981,-0.286092706,0.132942501
-32.96314959,-32.88857252,-0.344952239,-0.270345788,0.096082763
-34.20502792,-33.57000397,-0.420874379,-0.282704056,0.1246849
-48.48767845,-48.50085928,-0.427315118,-0.349728246,0.072939554
-29.24763115,-29.76862036,-0.403435657,-0.278289036,0.11155236
-36.95623668,-36.45311616,-0.390839984,-0.271759832,0.121298909
-33.4620624,-33.45358109,-0.407668031,-0.240626222,0.151180418
-36.97532615,-36.41676137,-0.394272842,-0.262951504,0.126003491
-29.18857431,-29.92570716,-0.401745593,-0.268054623,0.128099681
-43.98901412,-44.33728543,-0.417720349,-0.321808898,0.092965652
-80.10040936,-80.28287548,-0.377632417,-0.297463198,0.07118877
-37.18002939,-36.82701821,-0.379510927,-0.270795004,0.108353979
-40.17351393,-39.81444015,-0.388889628,-0.263572465,0.12339351
-69.17668536,-69.37205387,-0.38530797,-0.252801723,0.130033733
-42.93319475,-42.84998244,-0.392494692,-0.272659188,0.122769327
-29.21603797,-29.15000519,-0.396040401,-0.304894179,0.092185805
-36.2562167,-35.81162658,-0.404246344,-0.270920276,0.126641862
-34.61666419,-34.87895304,-0.399125908,-0.273636377,0.120294127
-30.01199269,-29.77299093,-0.407697619,-0.272208285,0.129446451
-29.9266888,-29.7759328,-0.394155545,-0.299459324,0.097264844
-25.66737773,-25.22238989,-0.377314472,-0.302536582,0.080088883
-23.84605698,-23.81503786,-0.397547808,-0.26506357,0.131102105
-42.98689778,-42.84205552,-0.394940898,-0.249988116,0.154920125
-37.35350788,-36.79800659,-0.375020777,-0.241129756,0.14609171
-39.09409178,-38.72176482,-0.388627464,-0.290843886,0.099436178
-33.48203841,-33.17318143,-0.403688289,-0.231492992,0.166041152
-41.81558407,-42.08491116,-0.346329477,-0.229403039,0.147812334
-51.43299031,-51.62752859,-0.394352844,-0.258067373,0.125653848
-35.68589301,-35.2757679,-0.393244033,-0.295030888,0.102424209
-34.97158471,-34.68688638,-0.394999813,-0.29055097,0.106779784
-34.43266999,-33.66753128,-0.345619787,-0.202765131,0.184943746
-30.22744958,-30.19127455,-0.390322926,-0.249831294,0.139558884
-40.64803721,-40.20993386,-0.429558226,-0.352446148,0.087097051
-43.01270732,-42.91073058,-0.395850941,-0.264614145,0.122519609
-21.66337963,-22.238002,-0.417747166,-0.290992229,0.128750561
-48.67312336,-49.3937561,-0.375473965,-0.284750377,0.096987758
-40.43051939,-39.86822726,-0.385755866,-0.259646826,0.128009421
-33.64962196,-33.31512103,-0.387316067,-0.243570321,0.142005392
-31.89928992,-31.53057176,-0.388454321,-0.254604718,0.133876717
-40.19101837,-39.89971605,-0.389074824,-0.266815781,0.12269171
-35.71679922,-35.59733841,-0.393901441,-0.280582184,0.114311642
-33.13426013,-32.10817738,-0.381083554,-0.243609978,0.131779809
-31.86555906,-30.53801612,-0.397996576,-0.237366166,0.167135505
-60.64836642,-60.65130008,-0.390668887,-0.246513987,0.149755462
-31.30722481,-29.46251965,-0.412002588,-0.302601594,0.115019147
-39.94959074,-39.69936146,-0.394934234,-0.265656798,0.123507718
-52.05259199,-52.25318928,-0.340176791,-0.292901672,0.04998752
-42.02475457,-42.20557019,-0.409508413,-0.320564865,0.076262896
-27.56777354,-25.43368241,-0.386188346,-0.23641189,0.160221189
-46.24115847,-46.45798208,-0.404564015,-0.244661822,0.157362846
-35.77197215,-35.34383808,-0.396609128,-0.238420984,0.157315462
-21.26164501,-21.5783235,-0.325167308,-0.198012284,0.142940614
-32.46160401,-32.30022868,-0.409428368,-0.230282788,0.166716182
-13.26110191,-14.0724691,-0.399854327,-0.272239028,0.124238143
-34.65743367,-33.69185742,-0.411522858,-0.230827724,0.16112403
-42.11122708,-41.42735457,-0.416392689,-0.24316512,0.183334222
-54.12351115,-54.69155827,-0.356049462,-0.253315283,0.131086842
-62.91368419,-63.46504686,-0.381842654,-0.233015811,0.156728983
-38.2494194,-37.31293034,-0.403743348,-0.23362367,0.158421636
-20.67806923,-20.22006926,-0.346002512,-0.230126979,0.139465502
-43.55185807,-43.49597701,-0.359071849,-0.304938968,0.096602917
-29.72608054,-23.81670467,-0.40089605,-0.229308199,0.183075326
-53.24882678,-54.16333463,-0.354126653,-0.249080676,0.122967601
-40.29207663,-39.95111818,-0.418991522,-0.336676425,0.088999467
-25.76750723,-23.0729178,-0.420671542,-0.325817508,0.090861953
-45.38079887,-45.67574923,-0.386672443,-0.305930197,0.097452287
-43.85358215,-44.02999413,-0.407867835,-0.285479534,0.132362326
-45.35403947,-45.46334102,-0.375998471,-0.240659669,0.141097672
-39.29944362,-38.28650206,-0.408002189,-0.238795624,0.15942282
-33.41852199,-32.86736492,-0.426720776,-0.325020601,0.10133283
-25.34771553,-25.43993485,-0.388343297,-0.277828988,0.117764719
-30.05546017,-26.91449676,-0.337020606,-0.168553425,0.229012233
-61.80228891,-62.03980165,-0.371055953,-0.269141274,0.107980082
-33.09173675,-31.60000149,-0.400058199,-0.203957854,0.174681419
-25.26306792,-24.41658557,-0.388721769,-0.254781128,0.136930156
-27.05654507,-26.72155445,-0.389853137,-0.282265571,0.099080484
-27.77527074,-27.48528922,-0.387017154,-0.244067753,0.139772403
-65.08541599,-65.20796441,-0.382883842,-0.234054722,0.146440557
-43.63403219,-43.81429264,-0.371798308,-0.28659167,0.103482657
-50.48663985,-50.84675707,-0.345222146,-0.21019722,0.14474436
-55.56622033,-56.19916632,-0.402082956,-0.349224356,0.066934215
-22.66217623,-22.92120012,-0.433505234,-0.290866762,0.148058452
-60.6043482,-60.89344194,-0.344632515,-0.231797207,0.126639744
-47.39740095,-47.41335912,-0.402895624,-0.345536424,0.06900931
-66.52761043,-66.83521231,-0.404789812,-0.333067133,0.081961872
-38.43506771,-38.30686474,-0.41577033,-0.269863182,0.151223163
-24.57366726,-24.36605141,-0.377108979,-0.230390869,0.151726715
-37.89446434,-38.02660335,-0.397464264,-0.326168679,0.074284463
-89.67642391,-89.50010103,-0.378051882,-0.277501987,0.09458287
-38.97972769,-40.03801096,-0.385838342,-0.286136374,0.097352148
-39.73497434,-39.32334709,-0.389984451,-0.29289182,0.092202821
-28.43924563,-28.42094304,-0.400806292,-0.280626397,0.120381168
-34.30187607,-34.07623654,-0.425609489,-0.345332584,0.086434173
-47.07860035,-45.73745751,-0.363612448,-0.233061296,0.133212898
-37.43004228,-37.69483229,-0.395997452,-0.316518187,0.095588106
-39.67723005,-39.29435083,-0.395903419,-0.298882902,0.093048177
-40.31823542,-40.44823324,-0.386070658,-0.304843832,0.078619521
-43.50501711,-42.76483327,-0.430710699,-0.312875177,0.124564026
-42.93672365,-43.36192208,-0.340388623,-0.263024279,0.092389448
-39.6920902,-39.15625947,-0.391693274,-0.294955131,0.092664571
-79.03911145,-79.41646992,-0.370699306,-0.251949148,0.121407602
-33.1608334,-33.25097592,-0.359950485,-0.264517431,0.099565481
-49.61043761,-50.25036533,-0.406172564,-0.281309177,0.122916729
-54.29831754,-54.93454698,-0.346883398,-0.244122503,0.108390299
-80.48985902,-80.39205698,-0.401820079,-0.317406558,0.081126721
-28.65194695,-29.31041023,-0.389702812,-0.32230434,0.080834455
-45.74079303,-45.94944518,-0.396369021,-0.299071387,0.100127862
-55.38397427,-55.49984935,-0.400609365,-0.310415252,0.092075257
-64.23241739,-64.53856352,-0.346317372,-0.25331894,0.099127544
-43.79596643,-44.04758968,-0.339243337,-0.26363045,0.094873543
-50.18509039,-50.56365558,-0.378813924,-0.255746228,0.120055839
-59.90491349,-60.44296287,-0.370517791,-0.249953037,0.123012048
-34.3187319,-33.67756284,-0.381872044,-0.281588741,0.093182281
-40.34488545,-40.10911902,-0.450406486,-0.328844397,0.133336385
-50.16251423,-50.50210861,-0.38173606,-0.253979417,0.124985878
-36.46930948,-37.08133659,-0.347469456,-0.241935511,0.115176919
-30.78819015,-30.52051083,-0.404456596,-0.309732481,0.098525118
-41.33532321,-41.01031529,-0.363486372,-0.292598293,0.073190098
-30.98564369,-31.1017189,-0.36223387,-0.287151598,0.073372588
-53.01171673,-53.50077763,-0.377696192,-0.24666546,0.130290725
-40.75264932,-40.60168685,-0.346278803,-0.285368714,0.072853181
-52.77769808,-53.42218431,-0.379964944,-0.252921333,0.128491266
-38.96673273,-38.99758268,-0.395964979,-0.284691613,0.106724847
-38.99131416,-38.99984862,-0.401037703,-0.284008416,0.110310064
-27.50160901,-27.62529318,-0.341718098,-0.306083838,0.063797758
-31.03563936,-31.28203343,-0.374083604,-0.278000547,0.091306108
-36.24690607,-36.20196625,-0.347846511,-0.262099591,0.108501293
-28.42723316,-28.56837465,-0.401638727,-0.271911902,0.125281275
-40.70076927,-40.0143838,-0.333391308,0.014388017,0.347586863
-27.45750828,-27.17934213,-0.408646726,-0.273036419,0.134164569
-49.24184666,-49.64251333,-0.392302944,-0.292819927,0.098964456
-34.01454392,-33.54712189,-0.389142341,-0.278045069,0.107998749
-32.22176526,-32.33129117,-0.345213717,-0.218030212,0.139382342
-24.35218878,-24.66754345,-0.411211593,-0.273129327,0.127214335
-35.62839435,-35.10525449,-0.381999758,-0.309980554,0.079550372
-30.34157572,-30.45628122,-0.35393914,-0.301299778,0.062964345
-31.89093876,-31.96271982,-0.396339485,-0.322597135,0.072484509
-49.48644435,-49.96546261,-0.386765367,-0.279260487,0.107813848
-37.38980626,-37.09873051,-0.404070322,-0.318296427,0.090767141
-80.84339407,-80.53252757,-0.361308941,-0.291628227,0.074130187
-31.27491396,-31.4611497,-0.363223066,-0.229497285,0.148632521
-26.88319707,-18.52833876,-0.368551152,-0.204697019,0.169048107
-51.1041096,-51.14358666,-0.344226196,-0.265028395,0.103284025
-34.00507594,-33.33194271,-0.381279574,-0.261931338,0.110736138
-39.05438923,-39.50294728,-0.371336414,-0.295371918,0.0815437
-22.53723886,-14.74005148,-0.418199816,-0.265694023,0.149525065
-60.70688212,-60.67436171,-0.383961087,-0.28729759,0.102320894
-45.31300134,-46.09010203,-0.348879202,-0.229658548,0.13671865
-37.52876713,-36.54293162,-0.342307635,-0.234972353,0.131015162
-49.57373433,-50.1567746,-0.360324816,-0.261833577,0.109077046
-41.26913565,-40.21595586,-0.411468852,-0.240102575,0.161903357
-62.09032626,-62.09932848,-0.381849227,-0.247640803,0.138724473
-37.42456183,-37.1217547,-0.414165058,-0.304764655,0.105182151
-30.82392821,-30.40731401,-0.40854377,-0.303528674,0.106645851
-31.33540231,-31.37326989,-0.398795319,-0.259274767,0.124915722
-40.09332206,-39.78809387,-0.39609132,-0.263853499,0.12689205
-30.71751999,-30.02830401,-0.380948931,-0.285049487,0.102535637
-39.82872534,-39.9426843,-0.382742615,-0.322095416,0.05754946
-33.66284336,-33.61923234,-0.349498394,-0.288397159,0.063607257
-26.45869633,-26.20103499,-0.402749534,-0.299469506,0.104683684
-23.23764647,-24.06360692,-0.381163318,-0.274488015,0.113702983
-23.43500022,-22.89027589,-0.393523074,-0.251205705,0.141404476
-55.94048554,-56.22269362,-0.340637395,-0.238393424,0.127088397
-40.64192735,-40.29906569,-0.342881748,-0.297925382,0.034078344
-48.42681975,-48.91782943,-0.378591732,-0.260981443,0.119493465
-44.25532636,-44.02549299,-0.405326707,-0.254379655,0.148610464
-36.7758232,-36.05689275,-0.383699747,-0.246318272,0.130967532
-39.88841925,-39.83198385,-0.395093452,-0.304960214,0.093728823
-27.51239721,-27.93637895,-0.373894968,-0.25175099,0.120006919
-49.05623673,-49.13626733,-0.364147871,-0.28945702,0.057992691
-52.45669839,-52.86607049,-0.379092712,-0.256975155,0.121277992
-41.74010891,-41.97016083,-0.444637282,-0.363410091,0.088035653
-27.91146451,-27.46674697,-0.386216341,-0.234959033,0.146991058
-30.34592401,-29.73349456,-0.390837818,-0.265658619,0.12926061
-51.83273308,-52.37804989,-0.343504646,-0.237573807,0.133898235
-37.56992807,-37.61332014,-0.370831191,-0.257062116,0.124664327
-27.35617753,-27.97767271,-0.386253418,-0.272549933,0.116836751
-31.88761902,-32.06199074,-0.374833741,-0.280251343,0.090264658
-30.37836535,-30.4916605,-0.36143219,-0.302501486,0.06983747
-25.08113848,-24.50959637,-0.392602767,-0.241496926,0.144197561
-52.39424698,-52.73392049,-0.36325289,-0.244917489,0.117768876
-33.4946918,-33.47093276,-0.346308427,-0.210272355,0.148735293
-53.81592475,-53.86243788,-0.362680168,-0.319757824,0.04653929
-43.35338558,-43.54816644,-0.408518293,-0.284440854,0.114894418
-44.50506677,-44.75576492,-0.390341957,-0.294459274,0.101714362
-33.47987002,-33.15633671,-0.386087815,-0.25853861,0.130940171
-33.42778656,-32.68767256,-0.385590512,-0.263297833,0.127100231
-37.74219764,-37.60624966,-0.379315659,-0.297865522,0.090098281
-56.12272776,-56.40687752,-0.373056699,-0.294909231,0.080025289
-55.5385763,-55.69895577,-0.343707392,-0.245272369,0.098170431
-32.7971242,-33.04832466,-0.382130669,-0.275534004,0.1069914
-38.71657016,-38.53008222,-0.371275854,-0.251501344,0.124412083
-54.69166837,-55.0085854,-0.380659863,-0.234769199,0.146693496
-35.49164024,-34.90398584,-0.423518363,-0.279629384,0.134368762
-24.11573501,-16.63116107,-0.392467112,-0.213858976,0.178167024
-49.12512997,-49.58323421,-0.38012207,-0.290295596,0.094481065
-24.87552567,-25.2107837,-0.357110669,-0.234060487,0.118047047
-45.12697308,-45.33370275,-0.39698398,-0.321103402,0.081093551
-40.89791578,-41.72906936,-0.360403847,-0.254688168,0.098066856
-42.80220317,-42.33603034,-0.358496638,-0.289020006,0.068166392
-31.12947096,-30.96141538,-0.347769499,-0.21651264,0.13179371
-29.79049118,-29.94357346,-0.348382092,-0.214495287,0.152512886
-42.7664133,-43.21218613,-0.358982659,-0.276702904,0.0844499
-32.49137421,-32.24920293,-0.373928497,-0.274562316,0.098833337
-32.89479364,-33.09282913,-0.385833885,-0.277775513,0.107941755
-44.98940535,-44.90377645,-0.337052935,-0.270003582,0.069258092
-19.36045476,-19.93924715,-0.372438183,-0.222448803,0.150261181
-40.13285575,-39.73491357,-0.396103495,-0.297243441,0.110327999
-53.12811105,-53.60417333,-0.370320466,-0.243240881,0.122674333
-24.28659609,-23.44576753,-0.346621202,-0.23381672,0.110598628
-32.1960862,-32.58558266,-0.420434658,-0.275440337,0.145380108
-28.07230497,-27.83335195,-0.380549702,-0.234215952,0.146852213
-26.89054655,-26.7429464,-0.357478135,-0.2296149,0.135895726
-58.22561621,-58.61536565,-0.346230718,-0.2679867,0.081502598
-33.47347233,-33.0092738,-0.372767817,-0.238259432,0.138273066
-31.89858375,-30.22858948,-0.397624594,-0.261738119,0.137251815
-122.7422756,-115.2847542,-0.34820118,-0.296144779,0.051991064
-53.15101917,-53.9733054,-0.35007195,-0.268488975,0.07688133
-21.69100447,-22.15569101,-0.42829273,-0.283969304,0.143604336
-61.42884885,-61.51896918,-0.358699156,-0.316396574,0.040220624
-32.57896546,-32.2728224,-0.359382653,-0.216622115,0.135664159
-41.3346938,-41.28026093,-0.383286524,-0.312729287,0.070932026
-30.3132025,-25.83917695,-0.426156222,-0.252815854,0.160949234
-43.09565477,-42.61230331,-0.39025638,-0.28961053,0.112039609
-31.08275665,-28.48054861,-0.419442786,-0.234337469,0.18335489
-35.10706849,-34.7338949,-0.389243139,-0.228880148,0.146881516
-27.73103568,-27.39235523,-0.348521607,-0.226468458,0.130219787
-55.16245166,-55.19798478,-0.344669572,-0.250081014,0.110263431
-33.11790705,-32.76869312,-0.386395512,-0.204549966,0.175519101
-38.45287534,-38.25664167,-0.379499279,-0.228242636,0.146724619
-38.41433181,-38.19160938,-0.386728625,-0.27490181,0.120123665
-46.99955407,-47.35244392,-0.368293457,-0.305034037,0.059231951
-34.77593113,-34.49233104,-0.365414607,-0.240594505,0.127412486
-33.46803409,-33.52239633,-0.372918444,-0.272361141,0.098586913
-43.605611,-43.86520701,-0.326669851,-0.221993752,0.105500645
-30.25437594,-30.41724572,-0.374276472,-0.210260987,0.160408096
-27.16875229,-27.44114577,-0.373057337,-0.209062069,0.160614477
-41.62495423,-41.34261635,-0.378138087,-0.270439921,0.117263104
-47.97928999,-48.43601518,-0.364603136,-0.294804002,0.064768189
-57.94208545,-58.52808017,-0.376607487,-0.231871467,0.140343191
-28.05486961,-28.04546636,-0.382896979,-0.212000366,0.172403561
-36.728917,-36.52225401,-0.364822598,-0.225481135,0.142268661
-30.72819305,-30.29769661,-0.363003519,-0.225042483,0.139811739
-25.70097811,-25.26725537,-0.371493635,-0.283608321,0.093309878
-31.93803301,-31.53273015,-0.416094185,-0.305858085,0.112624844
-38.79772534,-39.3191916,-0.36814447,-0.277085606,0.093331706
-27.54250898,-27.27418104,-0.36831496,-0.211315461,0.158523647
-42.18109514,-42.12034421,-0.367255248,-0.235695026,0.130712516
-26.83476724,-22.57991982,-0.398280074,-0.264447533,0.128416074
-41.85801918,-42.00247535,-0.366168794,-0.230213151,0.133601233
-34.68679706,-33.9073208,-0.357058192,-0.21658789,0.136684395
-34.27522988,-33.97711155,-0.363683063,-0.215265706,0.143380298
-41.82600767,-42.24734978,-0.341476728,-0.252302233,0.093946418
-46.07009399,-46.48610654,-0.341537903,-0.273215084,0.065447569
-42.62903938,-42.67264243,-0.344785108,-0.214723537,0.124411111
-35.32538074,-35.53455286,-0.375966017,-0.268144199,0.113388181
-39.68764597,-39.86000077,-0.345110049,-0.278747509,0.065821116
-40.09190589,-39.47931244,-0.367083518,-0.207438235,0.161870173
-33.57327561,-33.13337781,-0.355747691,-0.219927719,0.132723695
-26.02713394,-19.57069884,-0.362302292,-0.189124245,0.170428768
-23.9511066,-20.44266073,-0.404406361,-0.241401628,0.163896013
-36.97591718,-37.23151805,-0.39351861,-0.263631467,0.128785905
-50.30291238,-50.56270696,-0.405771843,-0.287997733,0.117197652
-51.26757514,-51.95890598,-0.377708856,-0.242740641,0.140514824
-45.75990553,-45.34052743,-0.375508334,-0.217689056,0.151436591
-36.36955608,-36.45443732,-0.374389406,-0.24178091,0.127307013
-31.49145696,-31.69046984,-0.365226201,-0.251656784,0.107758096
-47.28604573,-47.38006142,-0.414352612,-0.294416023,0.11404987
-28.57600742,-28.22796233,-0.335398648,-0.267455359,0.080266886
-31.02483966,-28.59197109,-0.384487428,-0.226021633,0.154422945
-46.68029101,-46.83104305,-0.382554168,-0.319775357,0.083235954
-53.82190604,-54.39898403,-0.372714015,-0.243865662,0.12739487
-50.0127882,-50.35694101,-0.336632599,-0.271187276,0.067576032
-41.95803163,-42.43307182,-0.341685289,-0.26639803,0.080203455
-39.68163206,-39.55772142,-0.394307228,-0.284312762,0.108459482
-52.8149636,-53.64154586,-0.371663883,-0.26789174,0.107755542
-38.57382134,-39.13482912,-0.373209322,-0.265029786,0.112910605
-28.40501969,-25.29552961,-0.35798275,-0.213958858,0.154143934
-42.71138621,-42.72528505,-0.381726674,-0.273459496,0.106644515
-22.95368395,-23.84126124,-0.363885576,-0.249740453,0.115566525
-46.63342895,-46.71882174,-0.384528606,-0.301324586,0.071218996
-52.85900485,-53.72135857,-0.36988841,-0.268526433,0.105646246
-58.76327979,-58.99249666,-0.366508183,-0.253687819,0.113338377
-33.99601862,-32.92760034,-0.396544961,-0.218770441,0.16461981
-28.52526336,-27.80422511,-0.379126225,-0.257143793,0.119792249
-29.00333665,-28.48984278,-0.332158666,-0.270226477,0.066213136
-44.2135648,-44.70483902,-0.404667183,-0.317767274,0.084062737
-52.57608623,-53.4718313,-0.371707224,-0.261766197,0.111651137
-28.52065027,-27.71120662,-0.370538793,-0.25814426,0.119107099
-43.89463563,-44.17330098,-0.356059505,-0.243737047,0.106420608
-26.48134732,-25.8491317,-0.374907146,-0.275669894,0.104274274
-102.1460223,-102.1034299,-0.346314633,-0.259743837,0.073808064
-63.17017154,-63.40525406,-0.398547195,-0.287437544,0.117761484
-57.74256523,-58.19834654,-0.391772698,-0.292931822,0.098312072
-58.49549573,-59.12517762,-0.389488821,-0.320942221,0.073327299
-54.63899388,-55.25176421,-0.39238723,-0.293294009,0.097490897
-59.49068283,-59.88575736,-0.38683849,-0.296066896,0.092754307
-70.5209585,-70.87210537,-0.384375273,-0.305454704,0.085360542
-58.03754621,-58.3410917,-0.373431719,-0.299341356,0.064924634
-49.12553295,-49.42275428,-0.382245754,-0.280428487,0.092175843
-90.43159955,-91.26475234,-0.385091286,-0.294870159,0.084366686
-62.72678474,-63.01653991,-0.383233386,-0.293833945,0.083125173
-33.59771888,-33.32310173,-0.416937606,-0.327247522,0.093392421
-67.85835034,-68.24846103,-0.401800276,-0.304388092,0.102995605
-43.85330967,-44.1649055,-0.38475723,-0.326636788,0.060288209
-44.58789333,-45.08556192,-0.36962673,-0.330510182,0.04304114
-52.53835057,-52.88532516,-0.396202283,-0.282711415,0.112250128
-59.33250777,-59.33974519,-0.404719867,-0.29770226,0.107681171
-87.59827232,-87.46159631,-0.393993109,-0.310121653,0.082861994
-48.46623063,-48.95641943,-0.392707131,-0.275369847,0.116654015
-73.14956546,-73.49780248,-0.379198834,-0.257906936,0.116986148
-62.22809644,-62.32829529,-0.402491851,-0.305028779,0.095890644
-54.62075641,-55.01693478,-0.403757112,-0.309883625,0.099820519
-37.64932551,-36.98183907,-0.395441628,-0.301055115,0.089310531
-88.72252248,-88.81288952,-0.367630384,-0.296019944,0.072842455
-53.74539466,-53.41335677,-0.413354779,-0.284762091,0.121427562
-52.32453436,-52.81043607,-0.386317777,-0.282350373,0.103536591
-63.42345044,-63.88611201,-0.40565302,-0.307255363,0.097048832
-94.98225908,-95.78912424,-0.394001757,-0.303585245,0.092181442
-62.54238756,-62.8834989,-0.366807547,-0.309387738,0.059133848
-101.8005525,-103.6684909,-0.417248161,-0.276663722,0.141010483
-54.53997735,-54.92461912,-0.403748986,-0.303226363,0.108931375
-73.08488066,-73.30419095,-0.364340771,-0.279495297,0.090083043
-84.6793169,-85.03770049,-0.383740499,-0.300140861,0.088103096
-49.10014941,-49.30236217,-0.391846553,-0.287046399,0.103541878
-50.37837026,-50.69788525,-0.374019715,-0.244311272,0.129482126
-89.64798544,-90.18222187,-0.384709941,-0.300711438,0.082174233
-59.18422092,-59.15246772,-0.406593421,-0.301304357,0.102799698
-70.88466817,-71.40146989,-0.366758417,-0.258889039,0.110009818
-46.3879025,-46.66019359,-0.379796887,-0.254794519,0.124378454
-83.05989775,-83.44240945,-0.383634771,-0.243210009,0.141806934
-87.6842344,-87.8527713,-0.36066353,-0.319485837,0.046601341
-84.87079491,-85.0587583,-0.344435748,-0.244299586,0.094984006
-77.56174217,-77.89294273,-0.406217208,-0.295655643,0.112322846
-77.5495047,-78.28008513,-0.368651645,-0.284698111,0.098339961
-69.70481333,-69.99575443,-0.400107252,-0.268048086,0.126310335
-46.25261445,-46.76584946,-0.404422445,-0.290071661,0.117493718
-44.67614085,-44.74562006,-0.401901905,-0.283160658,0.117989369
-62.24682227,-62.27307565,-0.400856131,-0.270390209,0.125750413
-63.58388504,-63.41266347,-0.376940263,-0.261327273,0.112276037
-63.34531278,-63.84589649,-0.389510794,-0.274970298,0.119494638
-111.0603633,-110.6382466,-0.388061225,-0.279038827,0.112286732
-58.43366221,-58.74502217,-0.400999566,-0.273437764,0.130394643
